{"sections":{"image_with_text_TaTdEe":{"type":"image-with-text","blocks":{"heading_xL4dp8":{"type":"heading","settings":{"heading":"Clean Skincare Made for You","heading_size":"h1"}},"button_hfAKa8":{"type":"button","settings":{"button_label":"→ Shop All","button_link":"shopify:\/\/collections\/all"}}},"block_order":["heading_xL4dp8","button_hfAKa8"],"name":"t:sections.image-with-text.presets.name","settings":{"image":"shopify:\/\/shop_images\/Hero-image_cd08d46c-71e0-4715-9e7e-70107a6611a4.jpg","height":"large","desktop_image_width":"medium","layout":"text_first","desktop_content_position":"middle","desktop_content_alignment":"left","content_layout":"no-overlap","color_scheme":"background-1","mobile_content_alignment":"center","padding_top":0,"padding_bottom":0}},"page_U8w8M6":{"type":"page","name":"t:sections.page.presets.name","settings":{"page":"wat-to-do","heading_size":"h1","color_scheme":"inverse","padding_top":32,"padding_bottom":32}},"featured_collection":{"type":"featured-collection","settings":{"title":"New In","heading_size":"h2","description":"","show_description":false,"description_style":"body","collection":"new-arrivals","products_to_show":3,"columns_desktop":3,"full_width":false,"show_view_all":false,"view_all_style":"link","enable_desktop_slider":false,"color_scheme":"background-1","image_ratio":"portrait","show_secondary_image":true,"show_vendor":false,"show_rating":false,"enable_quick_add":true,"columns_mobile":"2","swipe_on_mobile":true,"padding_top":32,"padding_bottom":32}},"collage":{"type":"collage","blocks":{"collection-0":{"type":"collection","settings":{"collection":""}},"product":{"type":"product","settings":{"product":"","second_image":false}},"collection-1":{"type":"collection","settings":{"collection":""}}},"block_order":["collection-0","product","collection-1"],"settings":{"heading":"Multimedia collage","heading_size":"h2","desktop_layout":"left","mobile_layout":"collage","card_styles":"product-card-wrapper","color_scheme":"background-1","padding_top":36,"padding_bottom":36}},"video":{"type":"video","settings":{"heading":"","heading_size":"h1","video_url":"https:\/\/www.youtube.com\/watch?v=_9VUPq3SxOc","description":"","full_width":false,"color_scheme":"background-1","padding_top":36,"padding_bottom":36}},"multicolumn":{"type":"multicolumn","blocks":{"column1":{"type":"column","settings":{"title":"Column","text":"<p>Pair text with an image to focus on your chosen product, collection, or blog post. Add details on availability, style, or even provide a review.<\/p>","link_label":"","link":""}},"column2":{"type":"column","settings":{"title":"Column","text":"<p>Pair text with an image to focus on your chosen product, collection, or blog post. Add details on availability, style, or even provide a review.<\/p>","link_label":"","link":""}},"column3":{"type":"column","settings":{"title":"Column","text":"<p>Pair text with an image to focus on your chosen product, collection, or blog post. Add details on availability, style, or even provide a review.<\/p>","link_label":"","link":""}}},"block_order":["column1","column2","column3"],"settings":{"title":"","heading_size":"h1","image_width":"third","image_ratio":"adapt","columns_desktop":3,"column_alignment":"center","background_style":"none","button_label":"","button_link":"","color_scheme":"background-1","columns_mobile":"1","swipe_on_mobile":false,"padding_top":36,"padding_bottom":36}}},"order":["image_with_text_TaTdEe","page_U8w8M6","featured_collection","collage","video","multicolumn"]}