{"sections":{"main":{"type":"main-page","disabled":true,"settings":{"padding_top":28,"padding_bottom":28}},"collapsible_content_Fidznk":{"type":"collapsible-content","blocks":{"collapsible_row_CRQJHG":{"type":"collapsible_row","settings":{"heading":"What is your return policy?","icon":"none","row_content":"<p>pishee <\/p>","page":""}},"collapsible_row_n7zcjD":{"type":"collapsible_row","settings":{"heading":"Where are your products from?","icon":"none","row_content":"","page":""}},"collapsible_row_8MTf8Y":{"type":"collapsible_row","settings":{"heading":"Are your products vegan?","icon":"none","row_content":"<p>No <\/p>","page":""}},"collapsible_row_bxxHT3":{"type":"collapsible_row","settings":{"heading":"Collapsible row?","icon":"none","row_content":"","page":""}}},"block_order":["collapsible_row_CRQJHG","collapsible_row_n7zcjD","collapsible_row_8MTf8Y","collapsible_row_bxxHT3"],"name":"t:sections.collapsible_content.presets.name","settings":{"caption":"","heading":"FAQs","heading_size":"h1","heading_alignment":"center","layout":"none","color_scheme":"background-1","container_color_scheme":"background-2","open_first_collapsible_row":false,"image_ratio":"adapt","desktop_layout":"image_second","padding_top":36,"padding_bottom":36}}},"order":["main","collapsible_content_Fidznk"]}