{"sections":{"main":{"type":"main-product","blocks":{"vendor":{"type":"text","settings":{"text":"{{ product.vendor }}","text_style":"uppercase"}},"title":{"type":"title","settings":{}},"caption":{"type":"text","settings":{"text":"{{ product.metafields.descriptors.subtitle.value }}","text_style":"subtitle"}},"price":{"type":"price","settings":{}},"variant_picker":{"type":"variant_picker","settings":{"picker_type":"button"}},"quantity_selector":{"type":"quantity_selector","settings":{}},"buy_buttons":{"type":"buy_buttons","settings":{"show_dynamic_checkout":true}},"description":{"type":"description","settings":{}}},"block_order":["vendor","title","caption","price","variant_picker","quantity_selector","buy_buttons","description"],"settings":{"enable_sticky_info":true,"media_position":"left","gallery_layout":"stacked","media_size":"medium","mobile_thumbnails":"hide","hide_variants":true,"enable_video_looping":false,"padding_top":36,"padding_bottom":12}},"rich_text_fBNW7M":{"type":"rich-text","blocks":{"heading_kLwN7i":{"type":"heading","settings":{"heading":"<p>How to use facial oil <\/p>","heading_size":"h1"}},"text_LhNGBA":{"type":"text","settings":{"text":"<ul><li>peeb pop <\/li><li>then put it on <\/li><li>did you find it<\/li><li><\/li><\/ul>"}}},"block_order":["heading_kLwN7i","text_LhNGBA"],"name":"t:sections.rich-text.presets.name","settings":{"desktop_content_position":"center","content_alignment":"center","color_scheme":"background-1","full_width":true,"padding_top":40,"padding_bottom":52}},"product-recommendations":{"type":"product-recommendations","settings":{"heading":"You may also like","heading_size":"h2","products_to_show":3,"columns_desktop":3,"color_scheme":"inverse","image_ratio":"portrait","show_secondary_image":true,"show_vendor":false,"show_rating":false,"columns_mobile":"1","padding_top":36,"padding_bottom":0}}},"order":["main","rich_text_fBNW7M","product-recommendations"]}